id,is_anomaly_true
11688,0
13251,0
2175,0
17428,0
6783,0
6092,0
7942,0
24975,0
6089,0
22385,0
15368,0
9882,0
20537,0
14556,0
8407,0
4630,0
22727,0
3180,0
17053,0
4484,0
1017,0
3986,0
18481,0
8164,0
2830,0
23769,0
24365,0
20669,0
1871,0
13727,0
8066,0
14104,0
20064,0
17288,0
14446,0
5953,0
11504,0
11054,0
16547,0
23977,0
16535,0
8057,0
3163,0
6775,0
5683,0
3096,0
13620,0
16993,0
20211,0
17586,0
6379,0
23106,0
1592,0
8321,0
204,0
7000,0
16831,0
18177,0
20266,0
14094,0
20619,0
16336,0
2798,0
7174,0
23686,0
24343,0
17806,0
23953,0
19398,0
15222,0
24689,0
3345,0
12811,0
7856,0
12270,0
9151,0
23791,0
6584,0
17372,0
23965,0
17643,0
1407,0
7948,0
10105,0
13245,0
18991,0
22715,0
1097,0
19381,0
12789,0
13320,0
7438,0
1392,0
4735,0
5046,0
11531,0
20048,0
15250,0
17886,0
1065,0
20952,0
17668,0
13511,0
16125,0
23016,0
9174,0
23840,0
6762,0
10794,0
12626,0
24942,0
5113,0
17603,0
23039,0
278,0
10505,0
1660,0
15497,0
21335,0
338,0
8651,0
7028,0
554,0
6682,0
21522,0
23369,0
24828,0
20179,0
14581,0
5593,0
12436,0
5303,0
24878,0
19460,0
8551,0
19908,0
20260,0
7396,0
18834,0
14563,0
6201,0
7727,0
8083,0
23851,0
5315,0
19292,0
10768,0
17481,0
17929,0
20367,0
14044,0
11610,0
7159,0
7093,0
4834,0
12749,0
2246,0
6574,0
5702,0
10503,0
14005,0
8343,0
21960,0
10781,0
1310,0
5712,0
12394,0
16966,0
1911,0
5910,0
617,0
342,0
2803,0
24122,0
23191,0
3495,0
5043,0
5187,0
722,0
296,0
16155,0
4865,0
5460,0
22117,0
19184,0
21548,0
6794,0
10777,0
8697,0
21437,0
23615,0
6504,0
6103,0
16774,0
12163,0
16851,0
10850,0
9225,0
8081,0
13066,0
2203,0
19230,0
7685,0
4269,0
18146,0
17518,0
1942,0
24753,0
18086,0
16949,0
22437,0
12743,0
1826,0
9292,0
683,0
16858,0
2082,0
23960,0
12698,0
8336,0
20253,0
8668,0
857,0
22394,0
6482,0
5589,0
10182,0
12901,0
7416,0
21314,0
20294,0
5091,0
18818,0
14608,0
24809,0
366,0
24823,0
24286,0
23225,0
23222,0
16101,0
15914,0
22598,0
4369,0
5378,0
14265,0
2494,0
21581,0
16109,0
16749,0
24095,0
16792,0
11281,0
10301,0
19763,0
19909,0
885,0
13540,0
3819,0
23475,0
7205,0
13606,0
20992,0
24784,0
4336,0
15657,0
9958,0
932,0
13515,0
16411,0
11950,0
4945,0
228,0
2811,0
20134,0
14500,0
2288,0
17089,0
3770,0
5246,0
18297,0
10704,0
7467,0
6633,0
7352,0
21665,0
11392,0
3228,0
4680,0
21514,0
1816,0
23202,0
15585,0
21349,0
217,0
24998,0
19634,0
21115,0
11324,0
16523,0
8091,1
21074,0
6990,0
19022,0
13011,0
1534,0
8897,0
14631,0
13726,0
4204,0
19237,0
4163,0
5024,0
896,0
15283,0
12258,0
1885,0
9838,0
10919,0
7835,0
4842,0
14299,0
10674,0
4622,0
4139,0
17041,0
9473,0
3299,0
21300,0
15556,0
10596,0
14589,0
5738,0
15728,0
13053,0
15350,0
6017,0
23177,0
22554,0
11192,0
2527,0
8147,0
3647,0
5257,0
11886,0
23483,0
21810,0
21388,0
19321,0
119,0
2034,0
4742,0
21771,0
14391,0
14816,0
949,0
13993,0
1588,0
7076,0
21044,0
12170,0
1636,0
11793,0
1022,0
4147,0
10576,0
1584,0
5958,0
24057,0
5753,0
7641,0
215,0
6844,0
11639,0
21005,0
4812,0
13597,0
6982,0
510,0
11739,0
5245,0
18102,0
24074,0
18175,0
21589,0
2116,0
14653,0
19188,0
21217,0
19924,0
524,0
4108,0
14304,0
907,0
2109,0
19023,0
8120,0
22021,0
3395,0
23736,0
3872,0
17749,0
10521,0
14419,0
21209,0
18413,0
5064,0
19677,0
14059,0
3335,0
17327,0
22976,0
11401,0
237,0
22713,0
12165,0
5462,0
24171,0
3721,0
11305,0
22477,0
1973,0
16904,0
24702,0
784,0
14444,0
10081,0
23886,0
8949,0
5028,0
8816,0
16591,0
16393,0
631,0
12962,0
2898,0
8005,0
208,0
22112,0
22770,0
312,0
9298,0
7458,0
10661,0
6498,0
7140,0
9660,0
84,0
376,0
6480,0
7191,0
8329,0
5548,0
1194,0
4675,0
1063,0
21910,0
24740,0
23847,0
193,0
20287,0
14559,0
4178,0
2126,0
8348,0
6328,0
17617,0
22651,0
18720,0
690,0
24811,0
12796,0
19189,0
5948,0
6182,0
13987,0
5544,0
11816,0
13935,0
16231,0
4827,0
4304,0
2399,0
6550,0
16673,0
24617,0
1951,0
21708,0
6849,0
15171,0
20544,0
9883,0
6559,0
14868,0
18479,0
11713,0
1819,0
20512,0
8535,0
11035,0
18398,0
15128,0
2245,0
191,0
10915,0
17323,0
8721,0
8662,0
15539,0
22452,0
7861,0
20581,0
17470,0
23430,0
20540,0
19073,0
9849,0
12604,0
14569,0
16407,0
9703,0
16316,0
5105,0
17639,0
13948,0
23519,0
24009,0
2584,0
17117,0
238,0
3458,0
6592,0
3353,0
22734,0
20010,0
3008,0
8827,0
19198,0
14668,0
12024,0
19233,0
1896,0
5859,0
22827,0
12824,0
16899,0
13738,0
16969,0
24264,0
4471,0
4825,0
20865,0
7335,0
5307,0
4710,0
6812,0
3992,0
2154,0
6522,0
17404,0
16233,0
2497,0
22648,0
23849,0
88,0
14961,0
23656,0
14135,0
24991,0
4677,0
21343,0
22463,0
9273,0
20727,0
21979,0
11084,0
5431,0
15507,0
7382,0
17254,0
24706,0
16174,0
5886,0
19620,0
8507,0
22232,0
6796,0
12247,0
810,0
7126,0
10140,0
5185,0
22701,0
11759,0
2222,0
9365,0
24517,0
20806,0
24300,0
12896,0
23108,0
14558,0
8672,0
3326,0
11515,0
4950,0
16215,0
7226,0
6748,0
13146,0
19443,1
23939,0
24830,0
7071,0
19891,0
12786,0
23034,0
15949,0
17965,0
20975,0
21109,0
17462,0
24902,0
8727,0
13204,0
68,0
12499,0
114,0
19261,0
8917,0
22860,0
22535,0
15858,0
8054,0
20851,0
2945,0
6702,0
6557,0
11658,0
24298,0
12922,0
22729,0
13030,0
6742,0
1303,0
17069,0
24905,0
7864,0
3591,0
2741,0
21219,0
4767,0
23265,0
4592,0
8221,0
16946,0
10534,0
21747,0
8869,0
9193,0
18320,0
4140,0
23979,0
20789,0
6069,0
23373,0
340,0
24660,0
8325,0
20212,0
20361,0
11273,0
24447,0
24382,0
12344,0
4720,0
22205,0
24968,0
1520,0
1916,0
22304,0
17359,0
143,0
21600,0
11049,0
10291,0
17658,0
13020,0
19749,0
6856,0
1580,0
2036,0
8063,0
8326,0
3964,0
4529,0
6145,0
8596,0
24183,0
13420,0
1781,0
14710,0
18445,0
11384,0
14340,0
7064,0
8571,0
24149,0
20144,0
1990,0
20396,0
12226,0
4682,0
15380,0
14254,0
7136,0
2295,0
7176,0
21537,0
3641,0
14859,0
15575,0
23941,0
15456,0
5706,0
2668,0
19244,0
17475,0
7128,0
19490,0
10212,0
5632,0
18813,0
7879,0
10605,0
17911,0
10792,0
17365,0
14846,0
6028,0
18951,0
20208,0
8545,0
23508,0
1465,0
24978,0
10747,0
195,0
2649,0
10973,0
19308,0
18841,0
16460,0
11960,0
7006,0
13086,0
14918,0
1254,0
20279,0
18073,0
8569,0
11685,0
24939,0
17477,0
15360,0
12673,0
10289,0
11766,0
16892,0
20090,0
10164,0
24748,0
7355,0
24761,0
1809,0
14955,0
8528,0
1180,0
17099,0
920,0
20968,0
12272,0
6663,0
23388,0
17776,0
19159,0
21389,0
8377,0
4059,0
1610,0
15571,0
15803,0
20580,0
11333,0
22361,0
1164,0
4084,0
20662,0
11442,0
3308,0
8822,0
6018,0
3368,0
4658,0
17271,0
20350,0
12769,0
23350,0
19389,0
8564,0
23566,0
9200,0
10085,0
13771,0
9834,0
22258,0
18831,0
11564,0
13166,0
1622,0
19565,0
24297,0
23410,0
5698,0
1594,0
16023,0
3364,0
16780,0
21707,0
11506,0
23593,0
8414,0
17036,0
7001,0
4238,0
21838,0
833,0
4693,0
9044,0
18389,0
16540,0
6983,0
11888,0
7766,0
13072,0
19961,0
15,0
15526,0
2475,0
575,0
8442,0
10804,0
7830,0
21091,0
8020,0
9593,0
17105,0
12401,0
23288,0
23978,0
3650,0
14921,0
17056,0
10940,0
15599,0
10430,0
3557,0
307,0
5381,0
13779,0
11894,0
9120,0
14411,0
7177,0
6307,0
21712,0
16468,0
3071,0
22969,0
17630,0
18242,0
16478,0
24369,0
3428,0
14583,0
24929,0
2878,0
7160,0
4797,0
21750,0
9632,0
14355,0
13149,0
16417,0
16358,0
6916,0
460,0
6732,0
12456,0
14930,0
21030,0
8582,0
17512,0
2047,0
9477,0
9966,0
11289,0
22588,0
12945,0
12521,0
15229,0
20216,0
2348,0
14194,0
23203,0
5437,0
18379,0
16994,0
10717,0
18723,0
7789,0
3732,0
23740,0
4405,0
8900,0
3672,0
22072,0
8258,0
6370,0
5451,0
7081,0
21769,0
6481,0
8006,0
2923,0
2847,0
20375,0
14436,0
2026,0
5745,0
15042,0
24404,0
21964,0
9604,0
22245,0
24219,0
22864,0
22073,0
8753,0
6656,0
10188,0
24295,0
13005,0
16546,0
15224,0
13882,0
14850,0
9924,0
11177,0
20394,0
7503,0
902,0
3746,0
12662,0
3788,0
5800,0
2917,0
19052,0
8464,0
10941,0
7120,0
18409,0
20224,0
14372,0
19616,0
6443,0
10353,0
14413,0
19648,0
23280,0
9037,0
21814,0
22934,0
3097,0
21440,0
22439,0
15898,0
6707,0
1549,0
22396,0
23765,0
4272,0
16496,0
4940,0
7433,0
5118,0
5614,0
19254,0
1137,0
11634,0
20913,0
7889,0
11776,0
13469,0
4651,0
23368,0
2379,0
11294,0
825,0
19437,0
13587,0
21864,0
24142,0
9819,0
9488,0
18424,0
6787,0
17096,0
21174,0
23925,0
24182,0
24424,0
2041,0
18876,0
18075,0
22936,0
701,0
289,0
10559,0
19857,0
18056,0
23493,0
8249,0
19199,0
18217,0
7386,0
18584,0
23764,0
17226,0
24980,0
24226,0
192,0
4113,0
1289,0
16634,0
15118,0
4661,0
12840,0
1154,0
23351,0
21988,0
2538,0
16813,0
19712,0
9244,0
9503,0
2493,0
20433,0
19694,0
18514,0
20029,0
15533,0
24310,0
957,0
5338,0
24922,0
6293,0
22965,0
14365,0
1214,0
8019,0
21609,0
3798,0
572,0
6042,0
3905,0
4673,0
4549,0
16192,0
6954,0
18913,0
5063,0
14687,0
14702,0
20527,0
2776,0
16734,0
12391,0
8998,0
5566,0
3659,0
2196,0
17329,0
8734,0
22308,0
2436,0
15757,0
15018,0
15394,0
9535,0
17695,0
7278,0
22882,0
7049,0
4440,0
23397,0
16768,0
648,0
12195,0
10893,0
6314,0
13052,0
18316,0
14504,0
2621,0
12628,0
15809,0
300,0
9285,0
14131,0
21303,0
19944,0
10395,0
10239,0
22084,0
138,0
18270,0
24334,0
4627,0
24591,0
11369,0
3601,0
15248,0
3258,0
9514,0
19208,0
19235,0
14016,0
24077,0
15268,0
19690,0
3190,0
13883,0
19526,0
13795,0
3932,0
11912,0
5443,0
5327,0
13128,0
16512,0
12318,0
22307,0
24705,0
11929,0
20760,0
21054,0
21296,0
21460,0
18569,0
11275,0
8587,0
18078,0
15244,0
16916,0
23358,0
3267,0
22612,0
7142,0
22038,0
24200,0
4550,0
11734,0
4938,0
19267,0
5036,0
6461,0
7919,0
8583,0
4186,0
2677,0
13816,0
1199,0
19980,0
21289,0
4755,0
21223,0
21443,0
18570,0
8445,0
4565,0
21830,0
22974,0
21337,0
4633,0
14334,0
11784,0
20631,0
12182,0
10696,0
24931,0
21829,0
3311,0
12061,0
24386,0
7497,0
5791,0
7401,0
4889,0
2035,0
20065,0
10113,0
23153,0
6246,0
18945,0
20702,0
21907,0
22575,0
11895,0
863,0
12404,0
11085,0
20373,0
22041,0
16450,0
2583,0
17185,0
24855,0
2215,0
19719,0
14109,0
17548,0
7018,0
18454,0
17485,0
22375,0
23257,0
2783,0
13108,0
18162,0
4853,0
20490,0
20497,0
19517,0
15658,0
23219,0
6977,0
14347,0
3379,0
6909,0
3743,0
20502,0
11319,0
20990,0
9814,0
23830,0
14528,0
17457,0
18621,0
1631,0
3271,0
23379,0
3940,0
10419,0
24926,0
8451,0
20598,0
10743,0
16259,0
24596,0
16536,0
23477,0
4150,0
19794,0
10469,0
23955,0
6178,0
23788,0
22858,0
18059,0
15257,0
4220,0
4261,0
11586,0
1276,0
2346,0
18236,0
10835,0
24308,0
22999,0
16153,0
4944,0
4253,0
12471,0
10460,0
9376,0
1495,0
6651,0
17798,0
6863,0
17010,0
18631,0
22012,0
7622,0
19366,0
3085,0
20094,0
22346,0
8335,0
6730,0
10045,0
24730,0
3413,0
11191,0
10912,0
2195,0
12448,0
5634,0
8928,0
9121,0
23310,0
1554,0
2752,0
414,0
17167,0
17506,0
22856,0
10275,0
9162,0
6749,0
7845,0
3569,0
16688,0
15100,0
3692,0
15391,0
9985,0
8248,0
19240,0
4563,0
16220,0
16832,0
3912,0
9217,0
16610,0
21672,0
3966,0
13214,0
22217,0
408,0
11484,0
2698,0
17861,0
5901,0
22356,0
20441,0
2575,0
17878,0
18550,0
22132,0
23651,0
18862,1
17783,0
23237,0
13952,0
23747,0
9527,0
18353,0
11431,0
9220,0
13438,0
22778,0
23722,0
22376,0
14627,0
11577,0
2872,0
19601,0
1805,0
15429,0
2635,0
21624,0
19205,0
10818,0
2038,0
2602,0
7599,0
24389,0
19554,0
1144,0
8885,0
15921,0
18381,0
2430,0
19226,0
19147,0
19196,0
163,0
14268,0
11622,0
23340,0
16385,0
10634,0
18098,0
15739,0
13260,0
2671,0
5627,0
12518,0
17032,0
3297,0
21596,0
1909,0
17401,0
1016,0
9873,0
10379,0
9021,0
6181,0
1170,0
17098,0
21352,0
8613,0
9968,0
1559,0
7223,0
10659,0
21586,0
10935,0
18617,0
600,0
20652,0
27,0
16958,0
23069,0
9717,0
20679,0
3511,0
517,0
23726,0
5494,0
2281,0
3967,0
16412,0
7781,0
22799,0
16861,0
15382,0
8803,0
7251,0
23644,0
15618,0
14144,0
7094,0
23306,0
22410,0
17867,0
19935,0
781,0
2440,0
3241,0
23667,0
21643,0
5876,0
11662,0
13385,0
1563,0
2374,0
24167,0
14506,0
6581,0
12683,0
10096,0
11537,0
2814,0
19761,0
24394,0
24153,0
4806,0
15909,0
4458,0
11971,0
2298,0
18939,0
2330,0
12489,0
5602,0
14284,0
16396,0
13774,0
483,0
7393,0
5441,0
2030,0
7247,0
24624,0
16179,0
18654,0
11282,0
12837,0
19753,0
11103,0
22822,0
16573,0
10063,0
12996,0
1910,0
18132,0
24802,0
11171,0
2967,0
14053,0
12246,0
7326,0
18215,0
13708,0
6341,0
24627,0
11721,0
1107,0
12474,0
18974,0
2663,0
9029,0
15769,0
22092,0
24275,0
6524,0
14473,0
13428,0
3521,0
23790,0
10718,0
24492,0
6593,0
10992,0
20791,0
12966,0
18543,0
3920,0
14541,0
21658,0
8723,0
9333,0
18783,0
20531,0
13493,0
4902,0
4446,0
19542,0
10905,0
9359,0
22336,0
15251,0
998,0
807,0
23074,0
251,0
19206,0
4917,0
17678,0
6848,0
13012,0
15496,0
14210,0
10413,0
8139,0
9489,0
1884,0
12412,0
16303,0
938,0
22931,0
4649,0
1438,0
16922,0
3815,0
24296,0
21889,0
14534,0
9613,0
23929,0
18763,0
5707,0
862,0
8980,0
13759,0
12415,0
5081,0
14234,0
16307,0
21260,0
13339,0
4947,0
7607,0
14274,0
849,0
4813,0
12872,0
18048,0
21678,0
21394,0
5017,0
7922,0
1945,0
10255,0
3363,0
17872,0
13279,0
4621,0
4740,0
14309,0
16927,0
21969,0
12366,0
5318,0
23363,0
21470,0
14553,0
2936,0
3348,0
13782,0
19592,0
23183,0
5518,0
22035,0
13891,0
3481,0
9110,0
4894,0
18736,0
18052,0
18997,0
5987,0
5907,0
18618,0
19378,0
1255,0
23119,0
11567,0
316,0
7722,0
734,0
8412,0
13794,0
6476,0
20167,0
11404,0
21749,0
17789,0
9197,0
16532,0
17137,0
11690,0
19593,0
16641,0
17489,0
17596,0
18698,0
23582,0
1630,0
10178,0
9235,0
12887,0
7495,0
5483,0
12228,0
21383,0
19915,0
19834,0
17949,0
2256,0
5785,0
20129,0
14638,0
12888,0
14237,0
15070,0
15454,0
10020,0
4249,0
20758,0
21401,0
23528,0
2523,0
14693,0
1061,0
1307,0
5040,0
10984,0
2368,0
23845,0
20413,0
20688,0
22181,0
2990,0
1105,0
19168,0
17389,1
19118,0
19177,0
8186,0
13862,0
15293,0
23861,0
17653,0
7909,0
18189,0
4659,0
13180,0
20740,0
6596,0
4025,0
23019,0
2944,0
12434,0
11552,0
15086,0
391,0
12529,0
304,0
17713,0
2182,0
23551,0
8000,0
21326,0
21096,0
22374,0
23696,0
12413,0
21612,0
14027,0
16779,0
15534,0
22039,0
13253,0
21955,0
6387,0
5766,0
3318,0
6165,0
11584,0
5503,0
9478,0
5594,0
21767,0
12703,0
6156,0
904,0
2478,0
6336,0
24950,0
8824,0
24505,0
21530,0
6412,0
7690,0
7531,0
16248,0
5410,0
14001,0
11015,0
12036,0
14845,0
18372,0
8404,0
18251,0
18595,0
24667,0
3296,0
8783,0
13681,0
20989,0
3168,0
5677,0
8213,0
19129,0
20221,0
5324,0
504,0
2600,0
16428,0
21129,0
790,0
14459,0
15255,0
10994,0
19929,0
13247,0
4787,0
14064,0
19088,0
24287,0
1232,0
12376,0
20061,0
23916,0
12523,0
6304,0
1011,0
16018,0
6784,0
8259,0
22262,0
22079,0
19135,0
3264,0
1153,0
19655,0
23535,0
11370,0
22096,0
13743,0
20893,0
17048,0
13305,0
4482,0
20638,0
1140,0
17144,0
4994,0
22490,0
17750,0
21012,0
6021,0
22626,0
12892,0
22458,0
11302,0
16799,0
15935,0
1452,0
189,0
16615,0
394,0
16245,0
18738,0
5950,0
2387,0
922,0
13192,0
20499,0
8224,0
694,0
12689,0
15401,0
8453,0
8864,0
13812,0
1083,0
14912,0
1612,0
11202,0
17708,0
10644,0
17070,0
7850,0
9233,0
8559,0
11614,0
24875,0
386,0
5658,0
9608,0
14914,0
4346,0
23092,0
1002,0
9792,0
11193,0
24159,0
24816,0
13266,0
14065,0
2789,0
18884,0
23412,0
11188,0
22298,0
3580,0
19124,0
16501,0
4561,0
24736,0
15976,0
11729,0
16019,0
10008,0
19709,0
11113,0
23467,0
13689,0
14032,0
23691,0
4177,0
3116,0
20342,0
14082,0
10897,0
2355,0
12108,0
19736,0
16128,0
9434,0
24982,0
3821,0
2190,0
944,0
24881,0
7941,0
18124,0
8370,0
24346,0
16104,0
10841,0
20714,0
19152,0
15919,0
19085,0
3823,0
15918,0
21701,0
7145,0
421,0
9099,0
10082,0
11393,0
6052,0
16031,0
10160,0
21423,0
1431,0
16056,0
2485,0
17107,0
10670,0
19172,0
15943,0
18373,0
23543,0
18466,0
20563,0
2560,0
7265,0
21412,0
13861,0
21529,0
23915,0
1174,0
14369,0
19155,0
21557,0
14404,0
11692,0
24075,0
17550,0
13932,0
12066,0
23779,0
15703,0
21911,0
10153,0
15182,0
14685,0
12022,0
11186,0
20265,0
15201,0
5498,0
24102,0
10646,0
12758,0
12469,0
19090,0
16687,0
18567,0
19050,0
16614,0
8836,0
22905,0
17936,0
10224,0
9224,0
17179,0
23211,0
16481,0
17113,0
19407,0
209,0
13473,0
14279,0
9706,0
19160,0
7303,0
20698,0
14970,0
13959,0
20110,0
20474,0
7629,0
13796,0
4114,0
6327,0
3918,0
17296,0
10414,0
12616,0
19784,0
12876,0
15905,0
22561,0
11007,0
9034,0
8488,0
9743,0
22392,0
3195,0
20888,0
15327,0
15245,0
6589,0
3012,0
13205,0
16252,0
693,0
2992,0
13830,0
23513,0
23118,0
23716,0
10350,0
1128,0
8733,0
4030,0
1858,0
20456,0
19161,0
2533,0
6778,0
20492,0
23844,0
19136,0
5898,0
12005,0
14911,0
24586,0
5920,0
21974,0
11475,0
18909,0
22541,0
15668,0
16057,0
3182,0
11104,0
6839,0
3796,0
3305,0
2107,0
22521,0
16254,0
1172,0
8621,0
11788,0
15783,0
23639,0
23438,0
12856,0
5440,0
14047,0
13471,0
16178,0
13740,0
18202,0
3681,0
6715,0
13674,0
16144,0
19051,0
3107,0
16990,0
20013,0
20844,0
23668,0
6935,0
13651,0
3802,0
13401,0
9146,0
22006,0
1989,0
13503,0
21575,0
13450,0
17579,0
20784,0
15191,0
24803,0
18957,0
20999,0
9671,0
16357,0
16933,0
10265,0
3611,0
18051,0
860,0
15094,0
24724,0
23492,0
2427,0
24374,0
16778,0
5284,0
18119,0
3642,0
21199,0
19661,0
19744,0
7545,0
11371,0
1902,0
344,0
4617,0
8936,0
2657,0
15903,0
19586,0
10205,0
8718,0
20142,0
4038,0
11965,0
3767,0
7709,0
17686,0
5890,0
4899,0
1703,0
1692,0
4505,0
18658,0
14618,0
19881,0
17752,0
18679,0
16115,0
12357,0
23407,0
3440,0
5764,0
4337,0
19718,0
16074,0
10571,0
21738,0
18429,0
16392,0
14587,0
16256,0
6765,0
24185,0
10586,0
23094,0
22460,0
1737,0
6346,0
5003,0
6407,0
24098,0
3649,0
22387,0
18809,0
10023,0
20909,0
23448,0
8853,0
16497,0
24147,0
24156,0
7589,0
24045,0
14221,0
18080,0
13425,0
17778,0
16984,0
5701,0
12199,0
12792,0
20180,0
1364,0
10607,0
22780,0
9533,0
17440,0
6627,0
2055,0
4978,0
5657,0
9117,0
19511,0
4047,0
22889,0
5807,0
18256,0
24307,0
20268,0
12337,0
21736,0
24616,0
1730,0
19549,0
11267,0
7394,0
2207,0
19363,0
99,0
11835,0
8808,0
15339,0
1801,0
6194,0
2894,0
6104,0
13407,0
17361,0
4218,0
20658,0
15743,0
12096,0
5237,0
13704,0
9048,0
3230,0
8818,0
14111,0
13022,0
18200,0
9441,0
13354,0
8506,0
1132,0
20105,0
20526,0
1003,0
22658,0
24083,0
8771,0
20117,0
12707,0
21517,0
10322,0
2482,0
17392,0
11969,0
22628,0
3634,0
9237,0
24008,0
10311,0
3220,0
19329,0
17937,0
15408,0
3688,0
23818,0
24716,0
18423,0
11870,0
15428,0
18586,0
23328,0
4255,0
21306,0
9360,0
4276,0
3833,0
12286,0
14495,0
11990,0
16531,0
22774,0
13634,0
13873,0
3445,0
11726,0
5935,0
20678,0
23794,0
9505,0
16550,0
7691,0
3184,0
1633,0
14014,0
20447,0
22252,0
18045,0
21726,0
9944,0
180,0
5610,0
10077,0
17396,0
17542,0
11620,0
13789,0
13034,0
2972,0
8491,0
11778,0
858,0
590,0
11042,0
11418,0
1993,0
14331,0
18201,0
24437,0
8722,0
14771,0
9319,0
23399,0
9223,0
13986,0
18808,0
11490,0
16108,0
11855,0
10251,0
21813,0
4783,0
21461,0
11446,0
13000,0
18089,0
17534,0
6352,0
19061,0
17020,0
8860,0
21066,0
10468,0
2594,0
3394,0
24771,0
21628,0
360,0
4122,0
20705,0
5197,0
9090,0
10757,0
11124,0
5703,0
22615,0
22865,0
11728,0
20656,0
19020,0
11758,0
1393,0
9666,0
2381,0
22904,0
16750,0
22220,0
19597,0
7719,0
9607,0
22450,0
20184,0
14445,0
18744,0
10877,0
24941,0
9191,0
15603,0
15371,0
17510,0
2542,0
1961,0
15598,0
23879,0
20831,0
9180,0
14458,0
24350,0
4805,0
11580,0
14780,0
16263,0
1378,0
11323,0
13013,0
20562,0
14767,0
17380,0
8963,0
3558,0
4201,0
17403,0
22028,0
13915,0
24532,0
19213,0
19289,0
3755,0
4719,0
15812,0
811,0
20183,0
24984,0
3541,0
14890,0
4934,0
16162,0
18741,0
13221,0
24851,0
2920,0
13871,0
17765,0
16274,0
23486,0
18677,0
11667,0
19618,0
11507,0
3437,0
731,0
1384,0
4704,0
4450,0
13510,1
516,0
20049,0
15622,0
6564,0
18228,0
9863,0
24026,0
24342,0
1271,0
3076,0
11559,0
17135,0
164,0
18065,0
12956,0
8495,0
15881,0
19930,0
17755,0
19792,0
16553,0
7118,0
4498,0
13672,0
9479,0
23567,0
15671,0
20842,0
6200,0
897,0
3032,0
4644,0
19336,0
18672,0
14105,0
22474,0
14881,0
16334,0
13079,0
9899,0
13502,0
322,0
10722,0
2997,0
2140,0
1654,0
6231,0
5797,0
990,0
9749,0
16369,0
19953,0
24653,0
4952,0
6551,0
16703,0
11331,0
4838,0
10827,0
16650,0
20916,0
10932,0
17273,0
7705,0
24440,0
161,0
1448,0
15147,0
17448,0
6782,0
18,0
12554,0
2465,0
16386,0
15547,0
6870,0
1233,0
16715,0
1787,0
18619,0
7983,0
14508,0
8572,0
21837,0
17926,0
15649,0
23598,0
12485,0
720,0
5342,0
14977,0
6488,0
1641,0
14019,0
15335,0
13645,0
14322,0
2457,0
3705,0
562,0
22790,0
16103,0
20124,0
9973,0
22902,0
17068,0
20340,0
2571,0
6100,0
4432,0
817,0
24318,0
16344,0
6697,0
17885,0
1356,0
20800,0
5928,0
18721,0
15463,0
10270,0
20819,0
367,0
19589,0
9684,0
17040,0
23666,0
13443,0
14141,0
14231,0
20240,0
23525,0
13992,0
11590,0
11985,0
9730,0
5011,0
15904,0
2199,0
12934,0
7163,0
2578,0
6056,0
18213,0
1917,0
22156,0
22469,0
19746,0
5746,0
7043,0
11977,0
23616,0
10678,0
16635,0
2443,0
20248,0
21649,0
8037,0
10375,0
17604,0
1877,0
19975,0
6729,0
9092,0
23453,0
12319,0
11822,0
24390,0
17091,0
13512,0
4412,0
8009,0
9847,0
5216,0
21362,0
17888,0
15020,0
666,0
7473,0
1762,0
22253,0
22710,0
22196,0
6971,0
1983,0
14971,0
6248,0
22398,0
11842,0
4523,0
24001,0
15967,0
10645,0
11943,0
4254,0
5551,0
2080,0
17952,0
6939,0
17156,0
22043,0
23037,0
22921,0
22008,0
16757,0
19514,0
5955,0
23865,0
16651,0
12623,0
14084,0
1756,0
20680,0
17399,0
7091,0
11227,0
13820,0
188,0
1655,0
21504,0
23354,0
9758,0
7108,0
18259,0
11948,0
22708,0
22109,0
11292,0
6692,0
24930,0
21815,0
5453,0
14387,0
3260,0
18292,0
1699,0
7255,0
4011,0
14700,0
14378,0
19255,0
10184,0
9000,0
12533,0
5721,0
12487,0
15332,0
14720,0
19215,0
2693,0
16206,0
21562,0
6088,0
16185,0
23948,0
6170,0
7634,0
21763,0
14429,0
3389,0
3701,0
8187,0
22275,0
16427,0
23151,0
24954,0
20096,0
23520,0
2316,0
3337,0
24449,0
17723,0
10924,0
7007,0
18170,0
6229,0
2264,0
22050,0
9327,0
8518,0
17045,0
8728,0
2711,0
20565,0
20833,0
17943,0
6139,0
19250,0
13189,0
12078,0
22613,0
18167,0
10806,0
17126,0
23043,0
23484,0
13242,0
20599,0
2855,0
24652,0
21490,0
21241,0
22596,0
8857,0
16458,0
4095,0
9491,0
10242,0
2201,0
14621,0
9463,0
309,0
9093,0
23560,0
1292,0
7430,0
8400,0
1231,0
3830,0
11411,0
22915,0
18920,0
14545,0
11697,0
18032,0
17054,0
4464,0
14752,0
11148,0
8371,0
13529,0
23694,0
1964,0
19557,0
16302,0
15584,0
16398,0
724,0
9186,0
23343,0
19288,0
236,0
9907,0
5363,0
22523,0
16669,0
18594,0
10057,0
9161,0
15374,0
1203,0
9510,0
22702,0
6306,0
7748,0
10159,0
5802,0
8707,0
1753,0
2464,0
19956,0
14058,0
22013,0
13067,0
23763,0
14407,0
4438,0
14861,0
8273,0
2103,0
3731,0
16085,0
17072,0
22595,0
17377,0
5259,0
12495,0
688,0
21203,0
4669,0
15479,0
17854,0
8750,0
3272,0
8174,0
20031,0
18877,0
770,0
3615,0
11770,0
13290,0
11024,0
1101,0
23756,0
1187,0
692,0
1054,0
11022,0
3749,0
7510,0
17017,0
13768,0
5554,0
6530,0
10110,0
5132,0
7997,0
19086,0
21132,0
6323,0
19742,0
5586,0
5939,0
19865,0
3734,0
15927,0
1168,0
10428,0
23875,0
21489,0
9923,0
22982,0
4384,0
3385,0
21040,0
12734,0
4861,0
17859,0
7663,0
6960,0
127,0
9221,0
11017,0
20150,0
15273,0
22565,0
12833,0
19033,0
6487,0
6382,0
1139,0
13667,0
11021,0
4194,0
19126,0
22046,0
16698,0
2356,0
10594,0
6315,0
6160,0
17724,0
3026,1
5059,0
9586,0
20783,0
1923,0
19556,0
21764,0
9228,0
18225,0
1383,0
2020,0
14161,0
12972,0
19313,0
18773,0
16400,0
16738,0
14611,0
6993,0
5732,0
22488,0
8811,0
17646,0
14573,0
17374,0
23293,0
24788,0
17354,0
22318,0
6431,0
7770,0
1265,0
7492,0
23317,0
8943,0
2233,0
10037,0
19342,0
13345,0
5092,0
16470,0
9679,0
23142,0
11775,0
15541,0
6006,0
23055,0
12381,0
23647,0
13753,0
20425,0
8110,0
15183,0
15111,0
16238,0
140,0
13549,0
19775,0
2095,0
4963,0
16444,0
10773,0
373,0
13618,0
2492,0
23297,0
23985,0
5186,0
62,0
11760,0
4657,0
16051,0
23735,0
21078,0
24742,0
23655,0
14398,0
15660,0
24640,0
7367,0
16195,0
7841,0
3128,0
5140,0
18231,0
14230,0
6437,0
23022,0
7449,0
1319,0
22687,0
1427,0
15663,0
2505,0
7986,0
14842,0
12196,0
4974,0
11616,0
13567,0
22968,0
14078,0
11716,0
16907,0
19870,0
2831,0
9779,0
17240,0
10504,0
22698,0
1379,0
24209,0
2433,0
5840,0
18895,0
20457,0
6822,0
3588,0
3817,0
1901,0
3154,0
19624,0
13725,0
17201,0
6541,0
592,0
10306,0
13258,0
4325,0
2540,0
19119,0
21367,0
15946,0
9078,0
5111,0
17800,0
22654,0
21236,0
18088,0
3526,0
17703,0
5130,0
20906,0
6305,0
19625,0
19257,0
5231,0
5477,0
18308,0
12153,0
9098,0
10010,0
13589,0
19845,0
15205,0
20713,0
4019,0
24131,0
8766,0
15297,0
14899,0
5781,0
18047,0
22045,0
15870,0
10641,0
12742,0
22285,0
22807,0
10720,0
19348,0
1760,0
18352,0
3148,0
5983,0
20186,0
6450,0
19454,0
5295,0
20430,0
15439,0
21397,0
2421,0
21826,0
13130,0
11089,0
1996,0
5817,0
4690,0
22838,0
2857,0
24600,0
18927,0
4402,0
8393,0
20746,0
3868,0
23158,0
24872,0
2722,0
1775,0
20949,0
17536,0
107,0
23940,0
15982,0
23825,0
24383,0
5004,0
14330,0
9869,0
11725,0
8349,0
165,0
15871,0
6866,0
8176,0
10735,0
23811,0
18090,0
3720,0
14233,0
7979,0
4449,0
6981,0
5904,0
11704,0
10808,0
20858,0
21669,0
1082,0
19926,0
21999,0
6634,0
21618,0
13850,0
16012,0
24160,0
22062,0
3835,0
12034,0
13854,0
22705,0
3975,0
12793,0
24109,0
926,0
22401,0
23204,0
15608,0
17339,0
2146,0
15322,0
10870,0
16001,0
1625,0
20623,0
10344,0
22069,0
7269,0
10775,0
20145,0
10313,0
8875,0
2750,0
9240,0
24580,0
206,0
21893,0
10535,0
10471,0
21375,0
13538,0
17747,0
10280,1
5718,0
18487,0
18778,0
9928,0
8233,0
11434,0
7576,0
2661,0
24589,0
12924,0
8195,0
22003,0
9103,0
5752,0
24576,0
13416,0
24251,0
7730,0
10373,0
22163,0
24366,0
13661,0
3566,0
17444,0
11428,0
4641,1
7131,0
6892,0
4734,0
3635,0
6499,0
18634,0
7572,0
6109,0
10444,0
1977,0
5506,0
19499,0
2748,0
5221,0
17916,0
16740,0
17315,0
20121,0
6282,0
22327,0
15692,0
24552,0
8278,0
20053,0
17212,0
2914,0
19493,0
23064,0
22680,0
23752,0
22751,0
19803,0
17466,0
16869,0
20600,0
16375,0
6818,0
15762,0
9811,0
1766,0
15105,0
8991,0
8203,0
3961,0
783,0
22294,0
16391,0
20481,0
20118,0
7147,0
5762,0
7023,0
10094,0
9964,0
15797,0
20731,0
10983,0
23801,0
3573,0
2890,0
4664,0
6324,0
9557,0
16455,0
19800,0
4772,0
17705,0
22664,0
633,0
11972,0
9111,0
5788,0
23489,0
15045,0
10655,0
13017,0
7441,0
2414,0
21494,0
23283,0
11598,0
15174,0
6149,0
9328,0
2083,0
3396,0
19726,0
5841,0
14946,0
3559,0
2159,0
22673,0
1406,0
15083,0
24850,0
2310,0
7299,0
7809,0
2471,0
20428,0
4530,0
17821,0
10536,0
21536,0
17277,0
9147,0
11335,0
16677,0
15701,0
16216,0
9047,0
24140,0
1928,0
6884,0
7095,0
867,0
11461,0
1688,0
4572,0
7827,0
147,0
6759,0
18640,0
10120,0
17610,0
16306,0
20349,0
24574,0
9252,0
18785,0
55,0
12741,0
22438,0
19958,0
18940,0
17720,0
14073,0
2550,0
19835,0
8696,0
1532,0
5577,0
20997,0
22004,0
9126,0
21778,0
260,0
19689,0
15136,0
4143,0
23980,0
19141,0
1959,0
9934,0
5550,0
10770,0
15867,0
24581,0
4776,0
7239,0
12470,0
19480,0
6576,0
23786,0
12445,0
5425,0
5604,0
5854,0
24977,0
18555,0
12117,0
22773,0
6880,0
9783,0
79,0
16885,0
16939,0
11176,0
14310,0
15304,0
22777,0
12778,0
1545,0
9300,0
19949,0
20321,0
16301,0
19968,0
13309,0
6279,0
12358,0
7655,0
423,0
6164,0
5062,0
16410,0
10098,0
4802,0
20750,0
5134,0
18016,0
19537,0
13969,0
4822,0
388,0
17449,0
23010,0
9960,0
20138,0
13943,0
11131,0
796,0
17737,0
20039,0
7613,0
22348,0
5581,0
10177,0
13088,0
21786,0
895,0
10748,0
21968,0
10510,0
527,0
17370,0
3563,0
3088,0
4764,0
22635,0
17386,0
20217,0
11329,0
10358,0
18441,0
23933,0
21986,0
12166,0
11769,0
9314,0
24575,0
986,0
9471,0
17186,0
15574,0
18209,0
303,0
4330,0
21629,0
21884,0
17385,0
17334,0
6774,0
17102,0
19307,0
17415,0
22892,0
14008,0
6207,0
1682,0
22344,0
18675,0
13922,0
12829,0
24194,0
21934,0
13352,0
2764,0
3855,0
1988,0
959,0
11727,0
17843,0
23738,0
5653,0
18262,0
22749,0
7609,0
9853,0
21275,0
23996,0
3090,0
12013,0
2696,0
22506,0
13340,0
7309,0
913,0
3561,0
8608,0
8007,0
6131,0
14060,0
6421,0
1051,0
21313,0
16290,0
18976,0
5568,0
22511,0
12292,0
6441,0
17097,0
18457,0
8030,0
364,0
24559,0
1062,0
8049,0
3898,0
10083,0
17792,0
11201,0
12621,0
8854,0
12136,0
20420,0
2782,0
13179,0
17876,0
16941,0
16333,0
8444,0
17938,0
24487,0
5664,0
10087,0
14074,0
17336,0
20886,0
23737,0
2675,0
13721,0
12860,0
477,0
5879,0
16549,0
16036,0
21820,0
11359,0
10879,0
18383,0
6928,0
17347,0
24104,0
9800,0
7825,0
5652,0
2161,0
22030,0
18407,0
12874,0
8678,0
3366,0
1777,0
15730,0
9012,0
17933,0
9363,0
5611,0
23129,0
13670,0
1831,0
299,0
23526,0
2554,0
4437,0
6132,0
21232,0
8940,0
24278,0
18611,0
12873,0
10467,0
3869,0
20119,0
5304,0
8189,0
23530,0
10181,0
2893,0
13317,0
91,0
23841,0
17677,0
19825,0
20872,0
23753,0
4744,0
69,0
8698,0
20231,0
10588,0
3139,0
15732,0
2100,0
20095,0
809,0
10167,0
21147,0
4946,0
23783,0
17235,0
7671,0
7201,0
4864,0
2065,0
2172,0
674,0
6599,0
18921,0
17777,0
13254,0
14651,0
15058,0
12602,0
13968,0
8086,0
22866,0
6457,0
14197,0
5192,0
17267,0
6126,0
7035,0
531,0
15610,0
25000,0
19097,0
6640,0
13199,0
24751,0
24533,0
8962,0
12931,0
20742,0
22507,0
5993,0
7918,0
18288,0
6834,0
819,0
8547,0
23898,0
7134,0
10296,0
22340,0
21468,0
11660,0
2934,0
2017,0
23166,0
42,0
12987,0
15215,0
3812,0
15110,0
7466,0
11317,0
14253,0
16099,0
5455,0
15537,0
22198,0
11432,0
8565,0
3867,0
24623,0
1120,0
20745,0
9027,0
393,0
9305,0
10070,0
23331,0
12803,0
21205,0
12017,0
21617,0
19201,0
6912,0
1503,0
9806,0
5447,0
21844,0
17095,0
4605,0
3987,0
448,0
10856,0
17073,0
10152,0
22120,0
1895,0
20131,0
1304,0
632,0
22449,0
22693,0
12765,0
18847,0
22429,0
12439,0
8675,0
15173,0
15228,0
10666,0
19238,0
10400,0
19629,0
6286,0
15395,0
23665,0
10712,0
5471,0
150,0
24038,0
8124,0
12351,0
5450,0
2844,0
18755,0
18322,0
12784,0
1648,0
23473,0
14892,0
19752,0
23428,0
702,0
3254,0
7940,0
17702,0
20983,0
15064,0
22052,0
11130,0
13293,0
4087,0
18882,0
20907,0
16039,0
18185,0
4983,0
22484,0
128,0
18823,0
17170,0
15331,0
7561,0
6820,0
18464,0
12603,0
5376,0
20116,0
9761,0
3669,0
15908,0
18325,0
5960,0
3948,0
6485,0
14097,0
14916,0
15494,0
9238,0
3922,0
18533,0
11350,0
11549,0
6051,0
13231,0
15562,0
12609,0
13095,0
10767,0
5573,0
14160,0
12176,0
11514,0
2051,0
11121,0
11365,0
9122,0
11481,0
8430,0
6099,0
23352,0
21973,0
9025,0
14616,0
2052,0
10356,0
12597,0
2778,0
1728,0
5749,0
406,0
5080,0
13586,0
18461,0
18278,0
1936,0
12912,0
23060,0
6381,0
19778,0
4927,0
17445,0
16482,0
3177,0
16322,0
443,0
24563,0
18137,0
23314,0
618,0
16686,0
7374,0
4537,0
13733,0
11926,0
3023,0
15733,0
20168,0
22225,0
2670,0
729,0
6152,0
19977,0
15928,0
5144,0
10701,0
7196,0
18798,0
9137,0
11915,0
23452,0
22875,0
15125,0
12967,0
21057,0
18802,0
6544,0
7198,0
11705,0
7859,0
14278,0
3078,0
14715,0
4765,0
4743,0
3457,0
24233,0
19258,0
22177,0
16633,0
17478,0
5636,0
5995,0
18643,0
12709,0
15750,0
15883,0
4655,0
18576,0
11551,0
13657,0
4014,0
9617,0
2965,0
15645,0
13900,0
21664,0
14101,0
24227,0
3455,0
6354,0
22476,0
10544,0
24665,0
17598,0
23917,0
3257,0
20206,0
21177,0
17127,0
6600,0
17655,0
14162,0
16304,0
20950,0
23013,0
8448,0
23175,0
1010,0
14317,0
24260,0
7980,0
8289,0
4436,0
9536,0
22718,0
17306,0
4214,0
12473,0
20317,0
17016,0
24699,0
16814,0
21387,0
13804,0
18977,0
2108,0
9187,0
23018,0
12525,0
11261,0
11557,0
2720,0
2079,0
664,0
13881,0
7533,0
20017,0
8352,0
22149,0
22857,0
13142,0
11872,0
5205,0
13008,0
10579,0
21250,0
7135,0
7230,0
13028,0
15963,0
9884,0
22919,0
22382,0
10398,0
21347,0
925,0
13371,0
12706,0
12536,0
13939,0
9957,0
16043,0
16947,0
3813,0
16754,0
21175,0
16658,0
24099,0
22153,0
3911,0
1935,0
8051,0
7022,0
14379,0
19728,0
24859,0
21804,0
15790,0
5423,0
20443,0
3807,0
15407,0
12895,0
11452,0
10123,0
14593,0
13590,0
6266,0
23780,0
6553,0
2297,0
6236,0
890,0
12562,0
20488,0
14629,0
9386,0
2703,0
20263,0
7369,0
13953,0
15832,0
5395,0
23685,0
20098,0
3087,0
1698,0
13711,0
2398,0
11555,0
19448,0
20620,0
4061,0
19181,0
15017,0
18105,0
12763,0
23029,0
1972,0
23869,0
8432,0
18688,0
3595,0
24547,0
19531,0
12350,0
7990,0
18782,0
22572,0
854,0
11004,0
622,0
20606,0
6525,0
7543,0
2699,0
15390,0
2866,0
23924,0
23362,0
7220,0
3759,0
222,0
6655,0
23731,0
18853,0
8242,0
6232,0
15773,0
10249,0
19846,0
3876,0
8922,0
4882,0
12849,0
23027,0
2615,0
8761,0
971,0
3007,0
9340,0
8768,0
3724,0
8593,0
5523,0
4219,0
4083,0
11349,0
21297,0
23231,0
24659,0
18708,0
9307,0
22909,0
1394,0
2119,0
848,0
13422,0
21201,0
6803,0
1759,0
15498,0
18272,0
21635,0
1817,0
19128,0
21305,0
6417,0
13565,0
11498,0
9513,0
12101,0
26,0
10285,0
16791,0
19676,0
15792,0
5596,0
15545,0
19156,0
20195,0
18656,0
20709,0
23408,0
4665,0
12650,0
2674,0
20083,0
10226,0
11712,0
23897,0
8892,0
13940,0
14718,0
13143,0
18710,0
22366,0
10764,0
4919,0
5082,0
20912,0
7249,0
4893,0
13016,0
6271,0
1370,0
16566,0
17320,0
4573,0
24332,0
13177,0
16424,0
20822,0
13945,0
12506,0
12148,0
20429,0
1813,0
3810,0
2964,0
10865,0
4364,0
3449,0
13102,0
1736,0
13244,0
7275,0
10824,0
21714,0
17902,0
5582,0
14619,0
14523,0
10427,0
14743,0
21762,0
9690,0
2220,0
12661,0
11300,0
3871,0
19279,0
20736,0
12204,0
6602,0
23463,0
17398,0
23949,0
13237,0
19936,0
17960,0
21016,0
15365,0
17917,0
5264,0
15455,0
5810,0
14395,0
10392,0
15546,0
20876,0
8166,0
4736,0
14147,0
15430,0
15515,0
9782,0
23692,0
19575,0
3636,0
13404,0
5579,0
18585,0
18954,0
5023,0
3424,0
3141,0
16716,0
7992,0
1327,0
12432,0
11225,0
17779,0
12227,0
10230,0
5538,0
12682,0
7848,0
22453,0
24896,0
24419,0
14449,0
21511,0
13018,0
2128,0
13435,0
11674,0
23721,0
573,0
12890,0
20346,0
13389,0
12220,0
22835,0
6520,0
17597,0
10032,0
3233,0
11885,0
10755,0
15275,0
4638,0
10619,0
21308,0
12672,0
19265,0
21290,0
6653,0
18000,0
13276,0
3316,0
13580,0
21975,0
12193,0
4443,0
977,0
9620,0
8401,0
13362,0
12740,0
1866,0
934,0
1933,0
11743,0
7178,0
10956,0
167,0
19370,0
14923,0
4367,0
20075,0
20911,0
4466,0
14318,0
7406,0
10869,0
15544,0
10789,0
6422,0
9286,0
1263,0
16024,0
17669,0
23090,0
3895,0
801,0
13887,0
24504,0
8687,0
6467,0
21959,0
22192,0
4949,0
23042,0
2074,0
15406,0
4676,0
9991,0
7946,0
21603,0
16066,0
21865,0
4558,0
19960,0
7323,0
6921,0
11491,0
23374,0
24549,0
22430,0
19491,0
9446,0
12130,0
18669,0
9282,0
3929,0
16010,0
12755,0
23255,0
18503,0
12052,0
24221,0
23291,0
14308,0
13802,0
1123,0
20626,0
12240,0
1184,0
12601,0
547,0
9184,0
830,0
1075,0
4306,0
13572,0
24835,0
4536,0
15614,0
22622,0
5067,0
11315,0
22424,0
9167,0
13395,0
9023,0
6376,0
17983,0
17286,0
9820,0
22534,0
6893,0
18572,0
7361,0
12151,0
21962,0
21500,0
17452,0
8199,0
10496,0
9297,0
11468,0
4386,0
10723,0
19375,0
20360,0
20483,0
11970,0
2723,0
14012,0
5768,0
8611,0
2179,0
20654,0
5730,0
3505,0
14665,0
14213,0
1018,0
21311,0
16991,0
23852,0
14810,0
13003,0
774,0
17824,0
1745,0
1387,0
10250,0
4183,0
856,0
10736,0
5488,0
24765,0
1221,0
14828,0
11403,0
17338,0
13691,0
22303,0
6926,0
9391,0
22413,1
13200,0
7195,0
6575,0
7786,0
5891,0
11301,0
10776,0
23612,0
5058,0
19139,0
7003,0
7307,0
12993,0
1309,0
7616,0
13304,0
10844,0
23682,0
15178,0
15609,0
10119,0
10699,0
23807,0
22767,0
5403,0
1542,0
18707,0
1934,0
1157,0
15473,0
8029,0
15059,0
22071,0
21230,0
6827,0
21555,0
7017,0
16924,0
22579,0
15737,0
18575,0
8443,0
23706,0
5836,0
9124,0
9033,0
10362,0
13533,0
23688,0
14588,0
6733,0
4993,0
18769,0
4022,0
19476,0
24678,0
3736,0
4487,0
3972,0
20343,0
22111,0
20660,0
16331,0
23998,0
23714,0
15471,0
14200,0
4293,0
3361,0
22908,0
2472,0
23562,0
23435,0
15091,0
13991,0
22581,0
12327,0
14938,0
13644,0
17357,0
3278,0
8169,0
771,0
24541,0
19875,0
5456,0
7749,0
22740,0
176,0
11937,0
19595,0
23093,0
7427,0
5968,0
1552,0
11808,0
15287,0
15536,0
17402,0
19295,0
5608,0
11189,0
11991,0
3859,0
6979,0
22946,0
2566,0
10421,0
11146,0
23729,0
1439,0
24094,0
20853,0
14120,0
9812,0
20648,0
13298,0
24290,0
16011,0
23262,0
17024,0
22144,0
12764,0
4609,0
7208,0
5021,0
16664,0
3044,0
5241,0
9094,0
13097,0
8291,0
22256,0
15710,0
23754,0
14311,0
9540,0
4476,0
5416,0
21693,0
18693,0
4005,0
2986,0
4513,0
18319,0
12275,0
7970,0
5978,0
9600,0
12714,0
17745,0
11800,0
13541,0
20595,0
8272,0
8134,0
22920,0
11378,0
21161,0
24561,0
9080,0
12218,0
14061,0
5127,0
22744,0
154,0
18609,0
12010,0
15956,0
8342,0
18719,0
5900,0
9405,0
21909,0
14409,0
2593,0
17003,0
16408,0
20270,0
2285,0
22368,0
18294,0
1315,0
18775,0
9895,0
10572,0
8382,0
11041,0
15957,0
7696,0
5547,0
6275,0
1299,0
5309,0
15188,0
5319,0
8109,0
954,0
15968,0
6904,0
10557,0
7362,0
1521,0
8649,0
14765,0
16373,0
18661,0
8340,0
23478,0
5514,0
3706,0
16773,0
2227,0
8277,0
4965,0
21135,0
1855,0
4363,0
4848,0
1322,0
5470,0
13569,0
1764,0
4257,0
18121,0
5355,0
6363,0
18240,0
18286,0
20115,0
9709,0
18670,0
16694,0
8576,0
14777,0
10193,0
22736,0
509,0
3977,0
20985,0
14352,0
9157,0
8652,0
5600,0
10332,0
9171,0
3718,0
5044,0
2388,0
11554,0
15444,0
12636,0
19758,0
9350,0
12776,0
20434,0
19150,0
19734,0
10656,0
2106,0
6408,0
18232,0
9567,0
6113,0
16176,0
12299,0
787,0
2193,0
4112,0
23590,0
7800,0
3411,0
12179,0
1845,0
392,0
1404,0
10868,0
12091,0
15994,0
13027,0
3632,0
4971,0
18796,0
7308,0
21593,0
23538,0
17055,0
7829,0
7048,0
17397,0
23671,0
20574,0
22100,0
4898,0
24403,0
1143,0
24043,0
6598,0
12878,0
19657,0
13476,0
12646,0
958,0
23234,0
14452,0
2405,0
16045,0
9138,0
21870,0
6427,0
19026,0
21010,0
17188,0
9840,0
1851,0
11500,0
19772,0
23366,0
1541,0
23239,0
4594,0
16040,0
23221,0
19695,0
21332,0
24498,0
5864,0
17460,0
1720,0
7364,0
18380,0
13118,0
20323,0
6807,0
2719,0
11383,0
9901,0
17059,0
21897,0
20023,0
2835,0
24169,0
4860,0
21128,0
24452,0
18604,0
14416,0
15420,0
12961,0
541,0
20368,0
22558,0
11020,0
2820,0
9046,0
2613,0
5704,0
19332,0
12509,0
419,0
19902,0
24540,0
5676,0
16680,0
17081,0
20222,0
6647,0
24893,0
4589,0
12359,0
157,0
7573,0
20733,0
9667,0
24747,0
11496,0
19003,0
1898,0
1765,0
9920,0
17552,0
506,0
24480,0
21685,0
15972,0
4491,0
21653,0
2968,0
14389,0
438,0
12229,0
7754,0
15770,0
12133,0
12479,0
11262,0
14136,0
9354,0
10819,0
7069,0
10778,0
9864,0
10475,0
10196,0
13050,0
596,0
4091,0
13522,0
20967,0
2162,0
13424,0
15848,0
17424,0
12841,0
21368,0
24252,0
24335,0
3765,0
18101,0
17799,0
16726,0
12060,0
21834,0
3837,0
22486,0
4768,0
14738,0
5459,0
21822,0
4376,0
24093,0
24497,0
20828,0
19644,0
1243,0
15306,0
21670,0
19659,0
3133,0
7218,0
10570,0
12110,0
11357,0
19515,0
12253,0
18116,0
10620,0
17343,0
20944,0
7412,0
18967,0
3056,0
10548,0
490,0
9276,0
11002,0
991,0
5598,0
24418,0
21531,0
22716,0
17301,0
17979,0
1649,0
15529,0
15276,0
8549,0
3714,0
22783,0
7954,0
24340,0
14644,0
22451,0
21836,0
6217,0
8770,0
15060,0
4784,0
15844,0
15729,0
5350,0
2446,0
2071,0
23703,0
21484,0
10490,0
3814,0
155,0
23623,0
19010,0
11205,0
9387,0
13913,0
10214,0
9538,0
670,0
11882,0
7956,0
16679,0
18473,0
20003,0
6368,0
889,0
6952,0
19219,0
1242,0
18764,0
18076,0
5490,0
5496,0
1217,0
17661,0
9658,0
2975,0
7404,0
7096,0
8530,0
15834,0
4151,0
4303,0
12632,0
9574,0
24876,0
20092,0
16874,0
8240,0
15396,0
24285,0
20643,0
1859,0
17044,0
6949,0
9329,0
16804,0
15262,0
20453,0
1019,0
16221,0
19664,0
14549,0
14364,0
16266,0
21151,0
6456,0
4544,0
24643,0
22953,0
23699,0
14893,0
15051,0
12171,0
14843,0
10075,0
7586,0
18574,0
14475,0
22457,0
8595,0
9644,0
2385,0
9723,0
22338,0
19991,0
4180,0
4457,0
19095,0
16242,0
10198,0
8002,0
18958,0
18058,0
5806,0
20536,0
1210,0
20057,0
10642,0
13525,0
4289,0
11670,0
9545,0
13941,0
23357,0
23481,0
17441,0
8244,0
12517,0
11255,0
2853,0
22025,0
14313,0
22059,0
1822,0
19464,0
23209,0
8148,0
13500,0
24731,0
2333,0
24119,0
10328,0
22287,0
13800,0
7538,0
14292,0
20163,0
20058,0
3535,0
13137,0
8216,0
23134,0
22441,0
19040,0
1484,0
24320,0
1412,0
24426,0
12201,0
13627,0
5992,0
4366,0
24974,0
18475,0
24412,0
9902,0
20156,0
14456,0
15492,0
5783,0
9731,0
22608,0
2454,0
1829,0
11473,0
203,0
8682,0
14995,0
20160,0
10613,0
3605,0
16310,0
1719,0
4535,0
11194,0
16522,0
7505,0
4770,0
22296,0
17873,0
10636,0
21421,0
15765,0
6964,0
15460,0
17754,0
6747,0
24388,0
20408,0
21218,0
5117,0
11415,0
4392,0
21208,0
9680,0
1676,0
20645,0
5560,0
3167,0
15209,0
6649,0
15199,0
13856,0
11142,0
15942,0
21673,0
16876,0
17508,0
20085,0
6313,0
11992,0
24717,0
11206,0
20324,0
3916,0
14574,0
18060,0
18410,0
20572,0
15349,0
24821,0
12753,0
3769,0
3645,0
788,0
13865,0
24046,0
2884,0
20712,0
10200,0
2954,0
24914,0
8222,0
5663,0
20388,0
14542,0
20747,0
669,0
23986,0
18307,0
5851,0
14737,0
18340,0
24319,0
15697,0
22017,0
6298,0
20566,0
12613,0
14291,0
11494,0
1628,0
12206,0
13676,0
11576,0
19998,0
21692,0
18127,0
23461,0
12333,0
20189,0
279,0
8921,0
12653,0
18404,0
3283,0
10795,0
15180,0
5759,0
13695,0
17650,0
10338,0
16931,0
12494,0
15818,0
15108,0
24276,0
8193,0
283,0
17364,0
10363,0
14157,0
18983,0
20390,0
2260,0
1274,0
24553,0
3159,0
11174,0
13157,0
11959,0
1608,0
9003,0
19912,0
20345,0
1681,0
20479,0
7773,0
2662,0
6193,0
19425,0
13282,0
12064,0
9961,0
13643,0
15056,0
12794,0
21773,0
18284,0
6452,0
20738,0
612,0
13302,0
24938,0
21687,0
8347,0
21330,0
3727,0
17328,0
15582,0
11910,0
23044,0
24861,0
16187,0
377,0
4924,0
22605,0
21996,0
7844,0
16054,0
1640,0
10001,0
2053,0
9081,0
4811,0
8504,0
13702,0
7817,0
19077,0
17890,0
12910,0
8937,0
19527,0
1518,0
3623,0
264,0
22775,0
12697,0
4003,0
8617,0
13829,0
2366,0
20769,0
13178,0
7967,0
2014,0
19069,0
4172,0
14840,0
19969,0
23102,0
5001,0
20313,0
2431,0
11735,0
19979,0
21610,0
17802,0
11150,0
22305,0
11463,0
11460,0
23947,0
6621,0
20665,0
13449,0
6991,0
15019,0
7291,0
194,0
8360,0
10190,0
17108,0
23834,0
16050,0
11845,0
7166,0
24391,0
11858,0
5293,0
1385,0
10247,0
19395,0
864,0
22785,0
24157,0
19990,0
5061,0
8016,0
1939,0
13967,0
10573,0
23098,0
2846,0
8012,0
24698,0
4816,0
11615,0
24439,0
17560,0
24918,0
9573,0
7324,0
18760,0
12926,0
15877,0
21698,0
12198,0
23411,0
23677,0
24800,0
19400,0
3171,0
18474,0
2099,0
574,0
3846,0
21152,0
1270,0
10763,0
3055,0
21280,0
16537,0
21157,0
18164,0
3974,0
9755,0
17768,0
3045,0
20296,0
7556,0
7068,0
6712,0
23073,0
21992,0
19522,0
20198,0
13477,0
12728,0
23277,0
17688,0
2008,0
22026,0
5893,0
19720,0
16998,0
7055,0
11107,0
5009,0
284,0
8353,0
14020,0
13418,0
11184,0
772,0
23935,0
1727,0
18636,0
18740,0
19691,0
6040,0
13467,0
1481,0
1092,0
4240,0
24188,0
9890,0
12377,0
3332,0
653,0
10072,0
14660,0
23482,0
11975,0
695,0
7631,0
5291,0
615,0
16282,0
11158,0
18892,0
17801,0
22618,0
1463,0
15938,0
21972,0
10847,0
19573,0
6000,0
3138,0
17300,0
12222,0
12189,0
11802,0
22568,0
18456,0
11052,0
16936,0
8706,0
23855,0
57,0
19879,0
8238,0
19641,0
18981,0
13488,0
2085,0
15092,0
14524,0
19591,0
13255,0
15485,0
3988,0
24133,0
20603,0
5465,0
7357,0
23330,0
23610,0
7669,0
12020,0
23244,0
14091,0
465,0
11891,0
7359,0
19248,0
9891,0
16479,0
14188,0
7632,0
11824,0
22481,0
6385,0
19009,0
15169,0
7816,0
9732,0
7034,0
22408,0
12067,0
19270,0
21854,0
10368,0
543,0
13116,0
7202,0
3378,0
22500,0
20808,0
23005,0
17367,0
8958,0
9769,0
2714,0
21426,0
3441,0
19950,0
1434,0
23835,0
4634,0
18184,0
24888,0
10195,0
5398,0
7238,0
22620,0
2852,0
22948,0
21935,0
2576,0
9541,0
20617,0
1795,0
16568,0
17967,0
16017,0
16399,0
12213,0
18538,0
9176,0
12338,0
21587,0
7281,0
12281,0
3347,0
9597,0
9516,0
20056,0
20773,0
11715,0
5916,0
11582,0
5418,0
16321,0
4951,0
17200,0
18351,0
4396,0
2974,0
6261,0
2001,0
17330,0
11847,0
19315,0
4501,0
24677,0
2939,0
5965,0
15923,0
1084,0
10812,0
9896,0
17079,0
17989,0
8015,0
19802,0
5170,0
13688,0
19812,0
8017,0
7366,0
205,0
18326,0
1920,0
19574,0
17851,0
24727,0
24002,0
9785,0
17012,0
18649,0
2779,0
19658,0
273,0
6686,0
2184,0
6049,0
927,0
20139,0
21060,0
18673,0
13400,0
9925,0
18362,0
16122,0
5458,0
19065,0
14049,0
3419,0
9127,0
18518,0
528,0
16415,0
637,0
2978,0
21866,0
24628,0
5915,0
17234,0
22155,0
16035,0
13374,0
15661,0
2970,0
11892,0
246,0
900,0
3973,0
20570,0
21182,0
8709,0
5997,0
21056,0
15607,0
5255,0
2429,0
14048,0
6264,0
22383,0
271,0
12739,0
12279,0
24361,0
10866,0
9654,0
23173,0
13047,0
4913,0
18478,0
13213,0
2424,0
18300,0
1286,0
9854,0
22513,0
6654,0
23423,0
20597,0
19367,0
21545,0
12969,0
2371,0
17743,0
21325,0
16981,0
19617,0
13046,0
1711,0
24602,0
13138,0
23755,0
7963,0
2067,0
16985,0
5217,0
11,0
6239,0
11795,0
16787,0
11105,0
13430,0
2874,0
4933,0
1024,0
9830,0
4500,0
3422,0
8450,0
10610,0
5668,0
14356,0
23768,0
23817,0
7053,0
19638,0
9341,0
24317,0
4176,0
23163,0
11140,0
23713,0
2563,0
9052,0
19588,0
17760,0
16561,0
4431,0
18192,0
3425,0
21270,0
8046,0
22630,0
7824,0
8322,0
23959,0
24265,0
21119,0
2292,0
6999,0
17223,0
13543,0
4499,0
7242,0
5250,0
18222,0
22040,0
10309,0
4169,0
9207,0
13690,0
12274,0
13,0
6391,0
3125,0
8250,0
16402,0
15217,0
20251,0
11425,0
11128,0
13697,0
23321,0
13161,0
1670,0
21547,0
6793,0
11678,0
20959,0
1639,0
2738,0
20303,0
1685,0
16590,0
11876,0
20861,0
8594,0
1878,0
7170,0
11114,0
5761,0
12042,0
17907,0
1076,0
10013,0
22446,0
21947,0
9805,0
20706,0
9976,0
7555,0
22334,0
13078,0
630,0
21172,0
11601,0
16554,0
15855,0
23842,0
12296,0
22725,0
12194,0
879,0
23053,0
19635,0
6785,0
13929,0
13825,0
13899,0
23002,0
9850,0
2646,0
5374,0
17834,0
19422,0
5819,0
8094,0
5436,0
10600,0
6112,0
15708,0
22918,0
22606,0
14175,0
18439,0
1091,0
4999,0
7686,0
4242,0
5630,0
19580,0
21560,0
21982,0
8786,0
10451,0
10693,0
22407,0
3435,0
21571,0
3753,0
20161,0
1004,0
602,0
23981,0
7464,0
19645,0
7630,0
10090,0
17986,0
12088,0
4136,0
11666,0
3162,0
21841,0
23527,0
15151,0
3309,0
13875,0
12659,0
6372,0
19851,0
19222,0
5887,0
21636,0
1119,0
9799,0
4803,0
22122,0
11402,0
5642,0
7020,0
4340,0
4093,0
2418,0
23281,0
10553,0
18315,0
21464,0
6243,0
3444,0
5005,0
494,0
16603,0
826,0
19535,0
10539,0
21318,0
4119,0
20282,0
18982,0
20178,0
7402,0
18313,0
7385,0
16544,0
22637,0
8483,0
21452,0
21216,0
20908,0
10366,0
7021,0
7380,0
4726,0
20776,0
20164,0
23251,0
4584,0
13148,0
13170,0
5251,0
2645,0
22562,0
491,0
18099,0
4023,0
2010,0
14242,0
1344,0
24301,0
12121,0
559,0
21582,0
2339,0
4497,0
23618,0
12263,0
17242,0
10162,0
20274,0
18338,0
21543,0
5977,0
22454,0
21605,0
9917,0
17006,0
12112,0
12687,0
354,0
3780,0
13071,0
1450,0
17484,0
19202,0
8039,0
16600,0
19283,0
17660,0
9452,0
18912,0
4282,0
14708,0
8910,0
9456,0
12349,0
10836,0
4639,0
19183,0
9565,0
17628,0
3476,0
14229,0
18359,0
17084,0
16413,0
7790,0
13559,0
5734,0
14184,0
13765,0
5248,0
1251,0
6566,0
10549,0
23104,0
17896,0
16505,0
16194,0
5694,0
24092,0
10739,0
15621,0
9143,0
197,0
19562,0
7795,0
12668,0
5669,0
5607,0
22585,0
6134,0
6721,0
1173,0
23816,0
18186,0
18254,0
21956,0
6375,0
22519,0
18845,0
19630,0
21509,0
9781,0
15696,0
17571,0
17993,0
10653,0
22176,0
20681,0
9932,0
12203,0
10506,0
5240,0
4880,0
18469,0
9931,0
10867,0
17614,0
8126,0
20244,0
8799,0
1738,0
17292,0
15162,0
12998,0
21832,0
21783,0
6272,0
13971,0
18460,0
5100,0
12069,0
23608,0
5998,0
11016,0
9464,0
15029,0
7149,0
22186,0
12255,0
16234,0
24259,0
3145,0
1991,0
5328,0
12363,0
7713,0
18562,0
20255,0
23246,0
5112,0
15711,0
9520,0
1527,0
13432,0
16671,0
7383,0
13300,0
23725,0
19149,0
13344,0
19660,0
17670,0
20026,0
9123,0
13091,0
20000,0
19103,0
873,0
1522,0
2558,0
2988,0
10129,0
11939,0
3844,0
16149,0
19340,0
8732,0
10611,0
19194,0
24983,0
17383,0
21869,0
14584,0
21346,0
3058,0
4618,0
10064,0
22798,1
23641,0
17180,0
21502,0
18342,0
19393,0
10985,0
274,0
20385,0
24011,0
11611,0
15109,0
22966,0
12310,0
10957,0
6905,0
11456,0
240,0
16485,0
4138,0
14871,0
14146,0
10031,0
8656,0
1135,0
14478,0
21198,0
1033,0
14033,0
10975,0
5321,0
4844,0
15988,0
13966,0
21211,0
3370,0
18971,0
15238,0
12348,0
2603,0
24955,0
7623,0
20097,0
7506,0
7876,0
7953,0
7704,0
18824,0
13461,0
13997,0
15476,0
24649,0
1108,0
9801,0
17284,0
5193,0
168,0
673,0
6666,0
20647,0
6992,0
10491,0
11108,0
9605,0
21540,0
5528,0
19615,0
199,0
1096,0
200,0
18711,0
3556,0
9294,0
20628,0
7111,0
20914,0
492,0
8319,0
3653,0
6347,0
23524,0
24692,0
3373,0
22989,0
15542,0
10228,0
24414,0
6425,0
1381,0
14511,0
12963,0
3156,0
18472,0
2096,0
9933,0
16864,0
14248,0
3873,0
18412,0
11136,0
19905,0
14232,0
8339,0
1282,0
11798,0
8144,0
1963,0
19923,0
10711,0
20978,0
5827,0
8563,0
13637,0
16579,0
15115,0
3761,0
4600,0
1469,0
1366,0
21954,0
13413,0
14874,0
8477,0
20996,0
10725,0
24010,0
9062,0
14349,0
7286,0
10654,0
8361,0
9877,0
10714,0
21563,0
13455,0
21506,0
4318,0
5645,0
12257,0
14488,0
17025,0
14225,0
21791,0
872,0
15466,0
8798,0
13167,0
14470,0
11210,0
23545,0
22867,0
22616,0
18266,0
20855,0
14705,0
3791,0
21139,0
18753,0
2760,0
23165,0
4395,0
1345,0
18963,0
11856,0
19426,0
8939,0
23085,0
5266,0
24481,0
15220,0
18651,0
11536,0
22137,0
15767,0
5382,0
15817,0
2790,0
6570,0
16083,0
3854,0
7578,0
23025,0
5626,0
9083,0
5517,0
9789,0
14410,0
17940,0
18483,0
16599,0
6150,0
8266,0
19474,0
16020,0
14494,0
5149,0
22393,0
20863,0
4953,0
23218,0
20371,0
15872,0
20269,0
24506,0
7436,0
1632,0
10361,0
22414,0
9579,0
2359,0
14577,0
23918,0
4352,0
6727,0
21808,0
8092,0
13325,0
24979,0
16888,0
20155,0
19610,0
23662,0
16678,0
14667,0
3717,0
22707,0
20972,0
7681,0
2869,0
6625,0
18250,0
9323,0
10194,0
24679,0
17547,0
22219,0
19745,0
17852,0
13152,0
4862,0
22862,0
7168,0
8300,0
11073,0
11850,0
15852,0
21871,0
6810,0
4582,0
444,0
14741,0
21507,0
5085,0
1857,0
17909,0
23248,0
24599,0
16070,0
5484,0
2766,0
16041,0
11065,0
14176,0
17860,0
635,0
17681,0
4245,0
19396,0
21677,0
9445,0
22009,0
6830,0
15654,0
2842,0
2123,0
23316,0
20259,0
4929,0
12454,0
17591,0
2142,0
4503,0
23963,0
23776,0
23389,0
3461,0
19885,0
5641,0
9356,0
1590,0
23089,0
16368,0
23804,0
